K,loglik,bic,icl
2,-687.4602791516968,1605.1558802220343,2169.9555236538936
3,-677.0187595586805,1870.5113493672845,2644.590400454803
4,-669.4963591149549,2253.711429636401,3156.5485437920415
