state,n_obs,fraction,y_mean,y_std,avg_duration,max_duration
0,101,0.4007936507936508,-2.4844434211472857,0.2849767055983716,3.3666666666666667,26
1,98,0.3888888888888889,-2.0944962430128666,0.22810875838878655,2.5128205128205128,7
2,53,0.21031746031746032,-1.867808363908179,0.29832475101573525,2.3043478260869565,9
